<?xml version="1.0" encoding="UTF-8"?>
<project-private xmlns="http://www.netbeans.org/ns/project-private/1">
    <editor-bookmarks xmlns="http://www.netbeans.org/ns/editor-bookmarks/2" lastBookmarkId="0"/>
    <open-files xmlns="http://www.netbeans.org/ns/projectui-open-files/2">
        <group>
            <file>file:/C:/Users/Asus/Downloads/studyclub_pa_konsul2%202/studyclub_pa_konsul2/src/gui/Login.java</file>
            <file>file:/C:/Users/Asus/Downloads/studyclub_pa_konsul2%202/studyclub_pa_konsul2/src/model/Mahasiswa.java</file>
            <file>file:/C:/Users/Asus/Downloads/studyclub_pa_konsul2%202/studyclub_pa_konsul2/src/gui/CreateData.java</file>
            <file>file:/C:/Users/Asus/Downloads/studyclub_pa_konsul2%202/studyclub_pa_konsul2/src/gui/ReadData.java</file>
            <file>file:/C:/Users/Asus/Downloads/studyclub_pa_konsul2%202/studyclub_pa_konsul2/src/gui/DeleteData.java</file>
            <file>file:/C:/Users/Asus/Downloads/studyclub_pa_konsul2%202/studyclub_pa_konsul2/src/gui/Register.java</file>
            <file>file:/C:/Users/Asus/Downloads/studyclub_pa_konsul2%202/studyclub_pa_konsul2/src/gui/MenuMahasiswa.java</file>
            <file>file:/C:/Users/Asus/Downloads/studyclub_pa_konsul2%202/studyclub_pa_konsul2/src/model/User.java</file>
            <file>file:/C:/Users/Asus/Downloads/studyclub_pa_konsul2%202/studyclub_pa_konsul2/src/model/Database.java</file>
            <file>file:/C:/Users/Asus/Downloads/studyclub_pa_konsul2%202/studyclub_pa_konsul2/src/gui/UpdateData.java</file>
            <file>file:/C:/Users/Asus/Downloads/studyclub_pa_konsul2%202/studyclub_pa_konsul2/src/gui/JadwalSC.java</file>
            <file>file:/C:/Users/Asus/Downloads/studyclub_pa_konsul2%202/studyclub_pa_konsul2/src/model/Admin.java</file>
            <file>file:/C:/Users/Asus/Downloads/studyclub_pa_konsul2%202/studyclub_pa_konsul2/src/Controller/LoginController.java</file>
            <file>file:/C:/Users/Asus/Downloads/studyclub_pa_konsul2%202/studyclub_pa_konsul2/src/gui/MenuAdmin.java</file>
            <file>file:/C:/Users/Asus/Downloads/studyclub_pa_konsul2%202/studyclub_pa_konsul2/src/model/PenanggungJawab.java</file>
            <file>file:/C:/Users/Asus/Downloads/studyclub_pa_konsul2%202/studyclub_pa_konsul2/src/model/StudyClub.java</file>
            <file>file:/C:/Users/Asus/Downloads/studyclub_pa_konsul2%202/studyclub_pa_konsul2/src/gui/DaftarSC.java</file>
        </group>
    </open-files>
</project-private>
